id,artist,album_name,year,old_genre,new_genre
1,101 Strings,A Tribute to John Lennon,1981,Easy Listening,Easy Listening
2,101 Strings Orchestra,Korvettes 25th Anniversary Spectacular! (30 Greatest Hits),1973,Easy Listening,Easy Listening
3,2Pac,Greatest Hits,1998,Hip Hop,Hip Hop
399,94 East,Symbolic Beginning,1995,Rock,Soul & Funk
274,ABBA,Dez Anos,1981,Pop,Pop
364,ABBA,Arrival,1976,Pop,Pop
365,ABBA,Voulez‐vous,1979,Pop,Pop
366,ABBA,Super Trouper,1980,Pop,Pop
363,"ABBA (Björn, Benny, Agnetha & Frida)",Waterloo,1974,Pop,Pop
4,Adele,19,2008,Soul & Funk,R&B & Neo-Soul
5,Adele,21,2011,Soul & Funk,R&B & Neo-Soul
6,Adele,25,2015,Soul & Funk,R&B & Neo-Soul
7,Adele,30,2021,Soul & Funk,R&B & Neo-Soul
8,Alabama Shakes,Sound & Color,2015,Rock,Alternative & Indie
9,Altamiro Carrilho,Revendo com a Flauta os Bons Tempos do Chorinho,1977,MPB & Samba,Samba
11,Amaro Ochoa; Pablo Milanés; Quilla Huasi; Daniel Viglietti; Isabel Parra; Angel Parra; Gambino Palomares; Silvio Rodriguez; Los Folkloristas; Huayra Puka,América Latina Canta Vol. 2,1979,Easy Listening,Folk
331,America,America,1971,Rock,Soft Rock
10,Amy Winehouse,Back to Black album,2006,Soul & Funk,R&B & Neo-Soul
223,Anri,Timely,1983,Pop,Soft Rock
191,Antonio Vivaldi,Vivaldi (I) - Grandes Compositores da Música Universal (Fascículo Nº 6 - Abril Cultural),1968,Classical,Classical
193,Antônio Maria,Nova História da Música Popular Brasileira (Abril Cultural),1977,MPB & Samba,Samba
12,Ariana Grande,Positions,2020,Pop,Pop
13,Ariana Grande,"Thank U, Next",2019,Pop,Pop
333,Ariana Grande,My Everything,2014,Pop,Pop
334,Ariana Grande,Dangerous Woman,2016,Pop,Pop
335,Ariana Grande,Sweetener,2018,Pop,Pop
336,Ariana Grande,eternal sunshine deluxe: brighter days ahead,2025,Pop,Pop
337,Ariana Grande,petal,2026,Pop,Pop
443,Arthur Verocai,Arthur Verocai,1972,MPB & Samba,Soul & Funk
243,Astor Piazzolla,Libertango,1974,Soul & Funk,Jazz
14,Audioslave,Audioslave,2002,Rock,Alternative & Indie
15,B.B. King,Live at the Regal,1965,Blues,Blues
16,B.B. King,Live in Cook County Jail (1971),1971,Blues,Blues
17,B.B. King,The Best of B.B. King,1969,Blues,Blues
308,B.B. King,Blues ’n’ Jazz,1983,Blues,Blues
224,Baden Powell,Os Afro-Sambas,1966,MPB & Samba,Bossa Nova
271,Banda & Coro Exercito Sovietico,Banda & Coro Exercito Sovietico,1983,Easy Listening,Easy Listening
18,Barry White,Can't Get Enough,1974,Soul & Funk,Soul & Funk
19,Beabadoobee,This Is How Tomorrow Moves,2024,Rock,Rock
279,Benito Di Paula,Benito Di Paula,1971,MPB & Samba,Samba
390,Bert Kaempfert,A Arte De Bert Kaempfert,1989,Easy Listening,Easy Listening
20,Bill Evans,Everybody Digs Bill Evans,1959,Jazz,Jazz
21,Bill Withers,Bill Withers’ Greatest Hits,1981,Soul & Funk,Soul & Funk
22,Bill Withers,Live at Carnegie Hall,1973,Soul & Funk,Soul & Funk
258,Billie Elish,Hit Me Hard and Soft,2024,Pop,Pop
23,Black Alien,Babylon by Gus Vol. I: O Ano do Macaco,2004,Hip Hop,Hip Hop
371,Bob Dylan,Blind Boy Grunt,1972,Folk,Folk
372,Bob Dylan,Visions of Johanna,1972,Folk,Folk
373,Bob Dylan,Now Your Mouth Cries Wolf,1974,Folk,Folk
287,Bob James,Sign of the Times,1981,Jazz,Jazz
207,Bob Marley,Exodus,1977,Reggae,Reggae
24,Bob Marley & The Wailers,Legend - The Best of Bob Marley and the Wailers,1984,Reggae,Reggae
227,Bobby Valentín,Rey del Bajo,1974,Soul & Funk,Salsa
242,Buena Vista Social Club,Buena Vista Social Club,1997,Soul & Funk,Salsa
247,Burning Spear,Marcus Garvey,1975,Reggae,Reggae
290,CHIC,"Dance, Dance, Dance: The Best of Chic",1991,Soul & Funk,Soul & Funk
266,Caetano Veloso,Caetanear,1985,MPB & Samba,Singer-Songwriter
283,Caetano Veloso,Nova História da Música Popular Brasileira,1977,MPB & Samba,Singer-Songwriter
238,Café Tacvba,Re,1994,Rock,Alternative & Indie
192,Carlos Alberto,Música e Romance,1970,MPB & Samba,Singer-Songwriter
26,Carlos Lyra,Nova História da Música Popular Brasileira (Abril Cultural),1971,MPB & Samba,Bossa Nova
27,Carpenters,Carpenters - Just Hits,1982,Easy Listening,Soft Rock
28,Cartola,Cartola,1976,MPB & Samba,Samba
427,Cartola,Verde que te quero rosa,1977,MPB & Samba,Samba
428,Cartola,Documento inédito,1982,MPB & Samba,Samba
429,Cartola,Cartola 70 anos,1979,MPB & Samba,Samba
211,Casiopea,Cross Point,1984,Jazz,Jazz
225,Celia Cruz,Celia & Johnny,1974,Soul & Funk,Salsa
29,Charlie Brown Jr.,100% Charlie Brown Jr. – Abalando a Sua Fábrica,2001,Rock,Alternative & Indie
30,Charlie Brown Jr.,Transpiração Contínua Prolongada,1997,Rock,Alternative & Indie
297,Charlie Brown Jr.,Bocas Ordinárias,2002,Rock,Alternative & Indie
31,Chico Buarque,Chico Buarque de Hollanda Volume 3,1968,MPB & Samba,Singer-Songwriter
386,Chico Buarque,Construção,1971,MPB & Samba,Singer-Songwriter
387,Chico Buarque de Hollanda,Chico Buarque de Hollanda,1966,MPB & Samba,Singer-Songwriter
32,Chitãozinho & Xororó ,Tudo por Amor,1993,MPB & Samba,Country
285,Christopher Cross,Christopher Cross,1979,Pop,Soft Rock
179,"Chubb Rocky; Time Klub; Masterdon Committe; Divine; Joy Rose; Rick & D. J. Jimmie Jaz; Ian Star; Mc Miker ""G""",Funkin' n Rappin',1983,Hip Hop,Hip Hop
202,Clara Nunes,Guerreira,1978,MPB & Samba,Samba
276,Conjunto Romântico Guadalajara,Perfídia Boleros,1976,Easy Listening,Folk
195,Cornélio Pires; Alvarenga e Ranchinho; Inevitável Barroso; Torres e Florêncio; Tonico e Tinoco; Tião Carreiro e Pardinho; Irmãs Castro; Ouro e Pinguinho; Vieira e Vieirinha; João Pacífico; Itaporanga e Itararé,História da Música Popular Brasileira - Grandes Gêneros: Música Sertaneja (Abril Cultural),1983,MPB & Samba,Country
33,Criolo,Ainda Há Tempo,2006,Hip Hop,Hip Hop
34,Criolo,Convoque seu Buda,2014,Hip Hop,Hip Hop
35,Criolo,Nó na Orelha,2011,Hip Hop,Hip Hop
251,Culture,Two Sevens Clash,1977,Reggae,Reggae
204,Curtis Mayfield,Curtis,1970,Soul & Funk,Soul & Funk
36,D'Angelo,Voodoo,2000,Soul & Funk,R&B & Neo-Soul
37,Daft Punk,Random Access Memories,2013,Soul & Funk,Pop
332,Daryl Hall & John Oates,Daryl Hall & John Oates (The Silver Album),1975,Pop,Pop
38,David Kushner,The Dichotomy,2024,Rock,Pop
182,"Davitt Sigerson; George Benson; Silvia Mason; Stephanie Mills; Genghis Khan; Diante Warwick; Sheeena Easton; Crown Heights Affair; Pippo e Monica; Mike Pinera; Stephan; Goombay Dance Band; Ray, Goodman and Brown; Paul Davis",Plumas e Paetês - Trilha Internacional da Novela,1980,MPB & Samba,Compilations & Soundtracks
289,DeBarge,All This Love,1982,Soul & Funk,Soul & Funk
39,Diana Ross,Touch Me in the Morning,1973,Rock,Soul & Funk
280,Dorival Caymmi,Nova História da Música Popular Brasileira,1976,MPB & Samba,Samba
40,Dua Lipa,Future Nostalgia,2020,Pop,Pop
185,Duke Ellington; Artie Shaw; Count Basie; George Shearing; Stan Getz; Orch. Dix. Jazz Band; Dizzy Gillespie; Benny Goodman; Kid Ory; Woody Herman; Bix Beiderbecke; Louis Armstrong,Anos de Ouro do Jazz,1980,Jazz,Jazz
268,Déo Rian e Conjunto Noites Cariocas,Inéditos de Jacob do Bandolim,1980,MPB & Samba,Samba
342,"Earth, Wind & Fire","Earth, Wind & Fire",1971,Soul & Funk,Soul & Funk
343,"Earth, Wind & Fire",The Need of Love,1971,Soul & Funk,Soul & Funk
344,"Earth, Wind & Fire",Last Days and Time,1972,Soul & Funk,Soul & Funk
345,"Earth, Wind & Fire",Head to the Sky,1973,Soul & Funk,Soul & Funk
346,"Earth, Wind & Fire",Open Our Eyes,1974,Soul & Funk,Soul & Funk
347,"Earth, Wind & Fire",That’s the Way of the World,1975,Soul & Funk,Soul & Funk
348,"Earth, Wind & Fire",Spirit,1976,Soul & Funk,Soul & Funk
349,"Earth, Wind & Fire",All ’n All,1977,Soul & Funk,Soul & Funk
350,"Earth, Wind & Fire",I Am,1979,Soul & Funk,Soul & Funk
351,"Earth, Wind & Fire",Faces,1980,Soul & Funk,Soul & Funk
352,"Earth, Wind & Fire",Raise!,1981,Soul & Funk,Soul & Funk
353,"Earth, Wind & Fire",Powerlight,1983,Soul & Funk,Soul & Funk
354,"Earth, Wind & Fire",Electric Universe,1983,Soul & Funk,Soul & Funk
355,"Earth, Wind & Fire",Touch the World,1987,Soul & Funk,Soul & Funk
356,"Earth, Wind & Fire",Dance Tracks,1994,Soul & Funk,Soul & Funk
357,"Earth, Wind & Fire",In the Name of Love,1997,Soul & Funk,Soul & Funk
358,"Earth, Wind & Fire",The Promise,2003,Soul & Funk,Soul & Funk
41,Edu Lobo ,Nova História da Música Popular Brasileira (Abril Cultural),1977,MPB & Samba,Bossa Nova
42,Edu Lobo / Chico Buarque,O Grande Circo Místico (Trilha Sonora),1983,MPB & Samba,Compilations & Soundtracks
453,"Edu Lobo, Chico Buarque, Milton Nascimento",O Grande Circo Místico,1983,MPB & Samba,Bossa Nova
200,Elis Regina,Elis,1974,MPB & Samba,Singer-Songwriter
43,Ella Fitzgerald,Gigantes do Jazz: A Primeira Dama do Jazz,1980,MPB & Samba,Jazz
44,Elton John,Goodbye Yellow Brick Road,1973,Rock,Soft Rock
45,Elton John,Sleeping with the Past,1989,Rock,Soft Rock
46,Elvis Presley,Elvis Presley 10 anos de Saudades,1987,Rock,Rock
451,Elvis Presley,"50,000,000 Elvis Fans Can't Be Wrong",1977,Rock,Rock
47,Emile Mosseri,Minari (Original Motion Picture Soundtrack),2021,Jazz,Easy Listening
180,Emílio Santiago; Nara Leão; João Bosco; Quarteto Em Cy; Moraes Moreira; Ney Matogrosso; Leny Andrade; MPB 4; Carlos Lura,Bossa Nova — ...para fazer feliz a quem se ama,1965,MPB & Samba,Bossa Nova
303,Erasmo Carlos,"Carlos, Erasmo",1971,MPB & Samba,Pop
304,Erasmo Carlos,Pelas Esquinas De Ipanema,1978,MPB & Samba,Pop
305,Erasmo Carlos,Coleção obras-primas,1995,MPB & Samba,Pop
306,Erasmo Carlos,Erasmo Carlos,2005,Pop,Pop
361,Erasmo Carlos,O tremendão,1967,MPB & Samba,Pop
362,Erasmo Carlos,Erasmo Carlos e Os Tremendões,1970,Pop,Pop
175,Erasmo Carlos e Roberto Carlos; Maria Bethânia; Caetano Veloso; Ivan Lins; Elis Regina; Marina; Cazuza; Wando; Fafá de Belém; Tim Maia; Elba Ramalho; Zizi Possi,Pra Dizer Que Te Amo,1988,MPB & Samba,Singer-Songwriter
208,Erykah Badu,Baduizm,1976,Soul & Funk,R&B & Neo-Soul
48,Estevam Sangirardi / Show de Rádio,Corinthians Super Campeão 1982,1982,Easy Listening,Compilations & Soundtracks
184,Evaldo Gouveia; Jair Amorim; Adelino Moreira,Nova História da Música Popular Brasileira (Abril Cultural),1977,MPB & Samba,Samba
382,Evinha,Eva 2001,1969,MPB & Samba,Singer-Songwriter
383,Evinha,Evinha,1970,MPB & Samba,Singer-Songwriter
384,Evinha,Cartão postal,1971,MPB & Samba,Singer-Songwriter
385,Evinha,Evinha,1973,MPB & Samba,Singer-Songwriter
272,F. Previte/J. De Nicola/D. Markowitz; K. Loggins/L. de Carlo/D. Pitchford; K. Forsay/I. Cara/G. Moroder; P. Cetera/D. Foster/D. Nini; Stevie Wonder; R. Parker Jr.; T. Whitlock; L. Richie; D. Grusin/A.M. Bergman; J. Nitzche/W. Jennings/B. Sainte-Marie,O Melhor do Oscar 2,1988,Easy Listening,Compilations & Soundtracks
236,Fania All-Stars,Live at Yankee Stadium,1975,Soul & Funk,Salsa
220,Fela Kuti Africa 70,Zombie,1976,Soul & Funk,Soul & Funk
49,Fleetwood Mac,Rumours,1977,Rock,Soft Rock
215,Fleetwood Mac,Tusk,1979,Rock,Soft Rock
50,Foreigner,Agent Provocateur,1984,Rock,Soft Rock
51,Frank Ocean,Blonde,2016,Soul & Funk,R&B & Neo-Soul
52,Frank Sinatra,Ultimate Sinatra,2015,Jazz,Jazz
452,Freda Payne,Contact,1971,Soul & Funk,Soul & Funk
232,Fruko y Sus Tesos,El Grande,1975,Soul & Funk,Salsa
53,Frédéric Chopin,Grandes Compositores da Música Universal: Chopin (II) Abril Cultural,1970,Classical,Classical
54,Gal Costa,Fa-Tal - Gal a Todo Vapor,1971,MPB & Samba,Singer-Songwriter
284,George Benson,Give Me the Night,1980,Soul & Funk,Jazz
198,George Benson; John Fogerty; Alphaville; Tom Petty,Promo Nº 46 - Somente Para Uso Promocional / Venda Proibida (WEA Discos),1985,Rock,Compilations & Soundtracks
55,Gilberto Gil,Gilberto Gil (Série História da Música Popular Brasileira),1970,MPB & Samba,Singer-Songwriter
265,Gilberto Gil,Luar,1981,MPB & Samba,Singer-Songwriter
56,Grupo Fundo de Quintal,Ciranda do Povo,1989,MPB & Samba,Samba
230,Grupo Niche,Cielo de Tambores,1988,Soul & Funk,Salsa
275,Guilherme Arantes,Amanhã,1983,MPB & Samba,Soft Rock
57,HAIM,Women in Music Pt. III,2020,Rock,Alternative & Indie
58,Hannah Montana (Miley Cyrus),Hannah Montana 3 (Songs from the Hit TV Series),2009,Pop,Pop
183,"Harmony Cats; Commodores; Voyage; Santa Esmeralda; Debby Boone; Grand Tour; Freddy Cole; Village People; Genesis; Linda Clifford; Blood, Sweat and Tears; Gary Criss; Boney M.; Dee D. Jackson",Dancin' Days - Trilha Internacional da Novela,1978,Pop,Compilations & Soundtracks
59,Harry Styles,Harry's House,2022,Rock,Pop
60,Harry's House,Fine Line,2019,Pop,Pop
212,Herbie Hancock,Head Hunters,1973,Jazz,Jazz
61,Hiroshi Suzuki,Cat,1975,Jazz,Jazz
442,Isaac Hayes,...To Be Continued,1970,Soul & Funk,Soul & Funk
62,Isao Tomita,Space Walk (Impressions of an Astronaut),1984,Easy Listening,Easy Listening
63,J.J. Cale,Naturally,1971,Blues,Blues
64,J.S. Bach,Grandes Compositores da Música Universal: J.S. Bach (II) Abril Cultural,1970,Classical,Classical
65,Jack Wilkins,Windows,1973,Jazz,Jazz
66,Jacob do Bandolim & Waldir Azevedo,Jacob do Bandolim & Waldir Azevedo (N.º 2),1978,MPB & Samba,Samba
67,Jay-Dee (coletivo/projeto de estúdio liderado e produzido por Barry White),Come On In Love,1974,Soul & Funk,Soul & Funk
68,Jean-Luc Ponty,Individual Choice,1983,Jazz,Jazz
422,Jim Morrison,An American Prayer,1978,Rock,Rock
69,Jimi Hendrix,The Essential Jimi Hendrix,1978,Rock,Rock
248,Jimmy Cliff,The Harder They Come,1972,Reggae,Reggae
449,John Kaizan Neptune with Arakawa Band,Bamboo,1980,Jazz,Jazz
70,John Mayer,Battle Studies,2009,Rock,Soft Rock
71,John Mayer,Continuum,2006,Rock,Soft Rock
72,John Mayer,Heavier Things,2003,Pop,Soft Rock
73,John Mayer,John Mayer Live in Los Angeles,2008,Rock,Soft Rock
74,John Mayer,Paradise Valley,2013,Folk,Soft Rock
75,John Mayer,Room For Squares,2001,Rock,Soft Rock
76,John Mayer,Sob Rock,2021,Rock,Soft Rock
77,John Mayer,The Search for Everything,2017,Pop,Soft Rock
295,John Mayer,Born and Raised,2012,Folk,Soft Rock
282,Johnny Alf,História da Música Popular Brasileira,1979,MPB & Samba,Bossa Nova
374,Johnny Cash,Songs From The Real America,2009,Rock,Country
78,Jorge Ben,Ben é Samba Bom,1964,MPB & Samba,Samba
79,Jorge Ben,África Brasil,1976,MPB & Samba,Samba
261,Jorge Ben,A Tábua de Esmeralda,1974,MPB & Samba,Samba
292,Joy Division,Unknown Pleasures,1979,Rock,Alternative & Indie
201,João Bosco,Galos de Briga,1976,MPB & Samba,Singer-Songwriter
194,João de Barro (Braguinha) & Alberto Ribeiro,Nova História da Música Popular Brasileira (Abril Cultural),1977,MPB & Samba,Samba
241,Juan Luis Guerra y 4.40,Bachata Rosa,1990,,Salsa
291,Julio Iglesias,Momentos,1981,Pop,Pop
369,Justin Bieber,Changes,2020,Pop,Pop
370,Justin Bieber,My World 2.0,2010,Pop,Pop
264,Katy Perry,Teenage Dream,2010,Pop,Reggae
219,Kendrick Lamar,To Pimp a Butterfly,2015,Hip Hop,Hip Hop
80,Kenny Dorham,Quiet Kenny,1959,Jazz,Jazz
294,Keyshia Cole,The Way It Is,2005,Soul & Funk,R&B & Neo-Soul
81,Khruangbin,The Universe Smiles Upon You,2015,Soul & Funk,Soul & Funk
82,Kid Abelha e Os Abóboras Selvagens,Seu Espião,1984,MPB & Samba,Soft Rock
83,Kikagaku Moyo,Masana Temples,2018,Rock,Alternative & Indie
255,King Crimson,In the Court of the Crimson King,1969,Rock,Rock
293,Kool & The Gang,Wild And Peaceful,1973,Soul & Funk,Soul & Funk
359,Kool & The Gang,Light Of Worlds,1974,Soul & Funk,Soul & Funk
233,La Revolución de Emiliano Zapata,La Revolución de Emiliano Zapata,1971,Rock,Rock
228,La Sonora Ponceña,Fuego en el 23,1974,Soul & Funk,Salsa
84,"Labrinth, Sia & Diplo",LSD,2019,Pop,Pop
85,Led Zeppelin,Physical Graffiti,1975,Rock,Rock
406,Led Zeppelin,Led Zeppelin II,1969,Rock,Rock
407,Led Zeppelin,Led Zeppelin,1969,Rock,Rock
408,Led Zeppelin,Led Zeppelin III,1970,Rock,Rock
409,Led Zeppelin,[Led Zeppelin IV],1971,Rock,Rock
410,Led Zeppelin,Houses of the Holy,1973,Rock,Rock
411,Led Zeppelin,Presence,1976,Rock,Rock
412,Led Zeppelin,In Through the Out Door,1979,Rock,Rock
413,Led Zeppelin,Coda,1982,Rock,Rock
249,"Lee ""Scratch"" Perry & The Upsetters",Super Ape,1976,,Reggae
250,"Lee ""Scratch"" Perry & The Upsetters",Super Ape,1976,Reggae,Reggae
86,Legião Urbana,Dois,1986,Rock,Rock
87,Lennie Tristano; Billy Bauer; Lee Konitz - Warne Marshi; George Russell; Harold Arlen - Johnny Mercer; Harvey Leonard; Rube Bloom - Ted Koehler; Teddy Charles; Neal Hefti,Crosscurrents (Coleção Capitol Jazz Classics Vol. 14),1972,Jazz,Jazz
299,Linkin Park,Hybrid Theory,2000,Rock,Alternative & Indie
300,Linkin Park,Reanimation,2002,Rock,Alternative & Indie
301,Linkin Park,Meteora,2003,Rock,Alternative & Indie
88,Lionel Richie,Can't Slow Down,1983,Pop,Soft Rock
381,Little Stevie Wonder,The Jazz Soul of Little Stevie,1962,Jazz,Soul & Funk
89,Lola Young,This Wasn't Meant for You Anyway,2024,Pop,Pop
360,Lords Of The New Church,Is Nothing Sacred?,1983,Rock,Alternative & Indie
240,Los Van Van,Songo,1988,Soul & Funk,Salsa
90,Louis Armstrong,Gigante do Jazz Louis Armstrong,1980,Jazz,Jazz
389,Ludwig Van Beethoven,Beethoven (I) - Grandes Compositorrs da Música Universal (Fascículo Nº 13 - Abril Cultural),1968,Classical,Classical
91,Ludwig van Beethoven (Wilhelm Kempff / Orquestra Filarmônica de Berlim),"Os Concertos de Piano: Concerto nº 3, op. 37",1970,Classical,Classical
400,Lynyrd Skynyrd,(pronounced ’lĕh-’nérd ’skin-’nérd),1973,Rock,Rock
401,Lynyrd Skynyrd,Second Helping,1974,Rock,Rock
402,Lynyrd Skynyrd,Nuthin’ Fancy,1975,Rock,Rock
403,Lynyrd Skynyrd,Gimme Back My Bullets,1976,Rock,Rock
404,Lynyrd Skynyrd,Street Survivors,1977,Rock,Rock
405,Lynyrd Skynyrd,God & Guns,2009,Rock,Rock
199,Léo Délibes; Herbert Von Karajan; Fréderic Chopin; Roy Douglas; Herbert Von Karajan,Delibes: Coppélia Ballett-Suite / Chopin: Les Sylphides,1961,Classical,Classical
92,MF DOOM,Operation: Doomsday,1999,Hip Hop,Hip Hop
93,Madonna,I’m Breathless,1990,Pop,Pop
269,Magic Slim,Highway Is My Home,1979,Blues,Blues
94,Mamonas Assassinas,Mamonas Assassinas,1995,MPB & Samba,Rock
257,Marcos Valle,Estrelar ,1983,Soul & Funk,Bossa Nova
95,Mariah Carey,MTV Unplugged (EP),1992,Soul & Funk,R&B & Neo-Soul
174,Mariano e Caçula; Alvarenga e Ranchinho; Capitão Furtado; Torres e Florêncio; Tonico e Tinoco; Luisinho e Limeira; Moreno e Moreninho; Tião Carreiro e Pardinho; Milionário e José Rico,Nova História da Música Popular Brasileira: Música Caipira (Abril Cultural),1978,MPB & Samba,Country
210,Mariya Takeuchi,Variety,1984,,Soft Rock
96,Martinho da Vila,Nova História da Música Popular Brasileira (Abril Cultural),1978,MPB & Samba,Samba
205,Marvin Gaye,What's Going On,1971,Soul & Funk,Soul & Funk
97,Masayoshi Takanaka,Alone,1981,Easy Listening,Jazz
98,Masayoshi Takanaka,An Insatiable High,1977,Easy Listening,Jazz
341,Melvin Van Peebles,Sweet Sweetback's Baadasssss Song,1971,Soul & Funk,Soul & Funk
239,Mercedes Sosa,Gracias a la Vida,1971,Soul & Funk,Folk
99,Michael Jackson,Off The Wall,1979,Pop,Pop
100,Michael Jackson,Thriller,1982,Pop,Pop
444,Michael Jackson,Bad,1987,Pop,Pop
445,Michael Jackson,Dangerous,1991,Pop,Pop
446,Michael Jackson,"HIStory: Past, Present and Future, Book I",1995,Pop,Pop
447,Michael Jackson,Invincible,2001,Pop,Pop
448,Michael Jackson,Xscape,2014,Pop,Pop
101,Miles Davis,Kind of Blue,1959,Jazz,Jazz
102,Milionário e José Rico,Amor Dividido (Vol. 10),1980,MPB & Samba,Country
103,Milton Nascimento,Nova História da Música Popular Brasileira (Abril Cultural),1976,MPB & Samba,Singer-Songwriter
104,Milton Nascimento & Lô Borges,Clube da Esquina,1972,MPB & Samba,Singer-Songwriter
288,Minnie Riperton,Adventures In Paradise,1975,Soul & Funk,Soul & Funk
221,Muddy Waters,Hard Again,1977,Blues,Blues
105,Musical Youth,The Youth of Today,1982,Reggae,Reggae
106,Nat 'King' Cole,St. Louis Blues (Sings the Songs of W. C. Handy),1958,Blues,Blues
107,Negritude Junior,Natural,1994,MPB & Samba,Samba
108,Neguinho da Beija-Flor,Festejo,1986,MPB & Samba,Samba
213,Nina Simone,Baltimore,1978,Jazz,Jazz
109,Nirvana,MTV Unplugged in New York,1994,Rock,Alternative & Indie
110,Nirvana,Nevermind,1991,Rock,Alternative & Indie
203,Novos Baianos,Acabou Chorare,1972,MPB & Samba,Singer-Songwriter
426,Odete Amaral,Fala Mangueira!,1968,MPB & Samba,Samba
111,Olivia Dean,Messy,2023,Pop,R&B & Neo-Soul
112,Olivia Dean,The Art of Loving,2025,Pop,R&B & Neo-Soul
113,Olivia Rodrigo,Guts,2023,Pop,Pop
267,Olivia Rodrigo,you seem pretty sad for a girl so in love,2026,Pop,Pop
114,Os Paralamas do Sucesso,Bora-Bora,1988,MPB & Samba,Rock
122,Oswaldo Avena; Facundo Cabral; Atahualpa Yupanqui; Enzo Merino / Willy Verdaguer; Violeta Parra; Julio César Peralta; Tony Osanah; Celso Ribeiro; Enrique Bergen; Tema do Folclóre Venezolano; Oscar Segovia; Frederico Goes,Raíces de América Volume II,1981,Easy Listening,Folk
286,Patrice Rushen,Straight from the Heart,1982,Soul & Funk,Soul & Funk
115,Paul McCartney ,Give My Regards to Broad Street ,1984,Rock,Rock
281,Paulinho da Viola,Nova História da Música Popular Brasileira,1976,MPB & Samba,Samba
245,Peter Tosh,Legalize It,1976,Reggae,Reggae
116,Phoebe Bridgers,Punisher,2020,Folk,Alternative & Indie
117,Pink Floyd,The Dark Side of the Moon,1973,Rock,Rock
262,Pink Floyd,The Wall,1979,Rock,Rock
263,Pink Floyd,The Division Bell,1994,Rock,Rock
259,Player,Room With A View,1980,Rock,Soft Rock
197,Poco; Johnny Cash & W. Jennings; Willie Nelson & Band; Mae Bandy & Joe Stamdey; Charly McClain; The Charlie Daniel's Band; Johnny Cash; Willie Nelson & Leon Russell; Marty Robbins,The Very Best of Country Music,1975,Folk,Country
392,Prince,For You,1978,Pop,Soul & Funk
393,Prince,Dirty Mind,1980,Rock,Soul & Funk
394,Prince,Controversy,1981,Pop,Soul & Funk
395,Prince,Purple Rain,1984,Rock,Soul & Funk
396,Prince,Parade,1986,Pop,Soul & Funk
397,Prince,Lovesexy,1988,Pop,Soul & Funk
398,Prince,Batman,1989,Pop,Soul & Funk
277,Queen,Greatest Hits,1985,Rock,Rock
118,Rage Against The Machine,Rage Against The Machine,1992,Rock,Alternative & Indie
119,Rage Against the Machine,Evil Empire,1996,Rock,Alternative & Indie
226,Ray Barretto,Indestructible,1973,Soul & Funk,Salsa
120,Ray Charles,Grandes Sucessos de Ray Charles (uma coletânea nacional lançada pelo selo Som Livre),1980,Jazz,Jazz
121,Raça Negra,Raça Negra,1993,MPB & Samba,Samba
123,Rebelds RBD,Para Olividarte De Mí,2009,Pop,Pop
124,Rita Lee,Balacobaco,2003,MPB & Samba,Rock
125,Rita Lee,Rita Lee,1980,MPB & Samba,Rock
126,Rita Lee,Mania de Você ,1979,MPB & Samba,Rock
127,Roberto Carlos & Erasmo Carlos,Nova História da Música Popular Brasileira (Abril Cultural),1971,MPB & Samba,Pop
391,Rockabye Baby!,Lullaby Renditions of Pearl Jam,2010,Rock,Easy Listening
128,Rockin' Robin,Stranger Things: The WSQK Collection,2024,Rock,Rock
206,Roy Ayers,Everybody Loves the Sunshine,1976,Soul & Funk,Soul & Funk
235,Rubén Blades & Willie Colón,Siembra,1978,Soul & Funk,Salsa
129,Rupa,Disco Jazz,1982,Jazz,Jazz
218,SZA,SOS,2022,Pop,R&B & Neo-Soul
130,Sabotage,Rap É Compromisso!,2001,Hip Hop,Hip Hop
131,Sabrina Carpenter,Emails I Can't Send,2000,Pop,Pop
132,Sabrina Carpenter,Man's Best Friend,2025,Pop,Pop
133,Sabrina Carpenter,Short n’ Sweet,2024,Pop,Pop
254,Sade,The Best of Sade,1994,Soul & Funk,R&B & Neo-Soul
181,Santa Esmeralda; Grace Jones; Tony Sherman; Jefferson Starship; Nadine Expert; Stephen Bishop; Denis Gordon; Andrew Mingardi Super Circus; Rod Stewart; Voyage; Randy Richards; Light Years; Ralph Richardson; Sandy Woo,O Pulo do Gato - Trilha Internacional da Novela,1978,MPB & Samba,Compilations & Soundtracks
134,Seaside Lovers,Memories in Beach House,1983,Pop,Soft Rock
135,Secos & Molhados,Secos & Molhados,1973,Rock,Rock
136,Selena Gomez,Rare (5-Year Anniversary Edition),2020,Pop,Pop
137,Selena Gomez,Revival (10-Year Anniversary Edition),2015,Pop,Pop
138,Selena Gomez & Benny Blanco,I Said I Love You First,2024,Pop,Pop
329,Sergio Mendes,Favorite Things,1968,MPB & Samba,Bossa Nova
172,Simone; Elis Regina; Rita Lee; Maria Bethânia; Fafá de Belém; Joana; Gal Costa; Maysa; Marina; Zezé Motta; Quarteto em Cy,"Trilha Sonora Original do Seriado ""Malu Mulher""",1979,MPB & Samba,Compilations & Soundtracks
139,Simply Red,Picture Book,1985,Soul & Funk,Soul & Funk
140,Skank,Cosmotron,2003,Rock,Rock
141,Skank,O Samba Poconé,1996,Rock,Rock
237,Soda Stereo,Signos,1986,Rock,Rock
142,Solange,A Seat at the Table,2016,Soul & Funk,R&B & Neo-Soul
143,Stanley Black,Para los Amantes Latinos,1969,Easy Listening,Easy Listening
252,Steel Pulse,Handsworth Revolution,1978,Reggae,Reggae
450,Steve Vai,Passion and Warfare,1990,Rock,Rock
144,Stevie Ray Vaughan and Double Trouble,Couldn't Stand the Weather,1984,Blues,Blues
145,Stevie Ray Vaughan and Double Trouble,Texas Flood,1983,Blues,Blues
146,Stevie Wonder,The Definitive Collection,2002,Soul & Funk,Soul & Funk
147,Stevie Wonder,The Woman in Red (Trilha Sonora Original do Filme),1984,Soul & Funk,Soul & Funk
368,Stevie Wonder,Signed Sealed And Delivered,1970,Soul & Funk,Soul & Funk
375,Stevie Wonder,My Cherie Amour,1969,Soul & Funk,Soul & Funk
376,Stevie Wonder,Talking Book,1972,Soul & Funk,Soul & Funk
377,Stevie Wonder,Songs in the Key of Life,1976,Soul & Funk,Soul & Funk
378,Stevie Wonder,Hotter Than July,1980,Soul & Funk,Soul & Funk
379,Stevie Wonder,In Square Circle,1985,Soul & Funk,Soul & Funk
380,Stevie Wonder,Characters,1987,Soul & Funk,Soul & Funk
296,Supertramp,Breakfast in America,1979,Rock,Soft Rock
148,Só Preto Sem Preconceito,Menina da África,1989,MPB & Samba,Samba
196,Sócrates,Sócrates (Álbum solo do compositor e cantor baiano),1977,MPB & Samba,Samba
216,Talking Heads,Remain in Light,1980,Rock,Alternative & Indie
149,Tame Impala,Currents,2015,Pop,Alternative & Indie
209,Tatsuro Yamashita,For You,1982,Pop,Soft Rock
178,Tavares; Natalie Cole; Sylvers; Freda Payne; Inner Circle; Gentle Persuasion; Bob Seger; Ruby Starr; Glen Campbell; Al Martino com Mike Curb Congregation; Bo Donaldson and The Heywoods; Jimmy Sanders,The Capitol Show,1976,Rock,Compilations & Soundtracks
150,Taylor Swift,Evermore,2020,Pop,Folk
151,Taylor Swift,Folklore,2020,Folk,Folk
152,Taylor Swift,Midnights ,2022,Pop,Pop
153,Taylor Swift,Reputation,2017,Pop,Pop
154,Taylor Swift,The Life of a Showgirl,2025,Pop,Pop
155,Taylor Swift,The Tortured Poets Department,2024,Pop,Pop
156,Taylor Swift,The Tortured Poets Department: The Anthology,2024,Pop,Pop
217,Tears for Fears,Songs from the Big Chair,1985,Rock,Pop
157,Temple of the Dog,Temple of the Dog,1991,Rock,Alternative & Indie
330,Tenacious D,The Pick of Destiny,2006,Rock,Alternative & Indie
158,The 5th Dimension,Soul & Inspiration,1974,Soul & Funk,Soul & Funk
309,The Beach Boys,Pet Sounds,1966,Pop,Rock
298,The Doobie Brothers,Minute By Minute,1978,Rock,Soft Rock
160,The Doors,The Doors (Music From The Original Motion Picture),1991,Rock,Rock
414,The Doors,Strange Days,1967,Rock,Rock
415,The Doors,The Doors,1967,Rock,Rock
416,The Doors,Waiting for the Sun,1968,Rock,Rock
417,The Doors,The Soft Parade,1969,Rock,Rock
418,The Doors,Morrison Hotel,1970,Rock,Rock
419,The Doors,Other Voices,1971,Rock,Rock
420,The Doors,L.A. Woman,1971,Rock,Rock
421,The Doors,Full Circle,1972,Rock,Rock
423,The Doors,"Strange Days 1967: A Work in Progress, Part 2",2026,Rock,Rock
270,The Happenings; The Vogues; Oliver; The Association; Joe Cocker; B.J. Thomas; The Box Pops; Timi Yuro; Classics IV & Dennis Yost; Johnnie Ray; Procol Harum; Artie & Dotty Todd,Saudade Não Tem Idade,1986,Pop,Pop
161,The Jackson 5,ABC,1970,Soul & Funk,Soul & Funk
162,The Meters,Rejuvenation,1974,Soul & Funk,Soul & Funk
163,The Moody Blues,Days of Future Passed,1967,Blues,Blues
164,The Notorious B.I.G.,Greatest Hits,2007,Hip Hop,Hip Hop
165,The Notorious B.I.G.,Ready to Die,1994,Hip Hop,Hip Hop
256,The Poets of Rhythm,Practice What You Preach Year,1994,Soul & Funk,Soul & Funk
166,The Swingle Singers,"Jazz Sébastien Bach, Le Volume 2",1968,Jazz,Jazz
167,The Weeknd,After Hours,2020,Pop,R&B & Neo-Soul
168,The Weeknd,Starboy,2016,Pop,R&B & Neo-Soul
424,The Weeknd,Beauty Behind the Madness,2015,Pop,R&B & Neo-Soul
425,The Weeknd,Dawn FM,2022,Pop,R&B & Neo-Soul
338,Thee Sacred Souls,The Instrumentals,2024,Soul & Funk,R&B & Neo-Soul
339,Thee Sacred Souls,Got a Story to Tell,2024,Soul & Funk,R&B & Neo-Soul
340,Thee Sacred Souls,Thee Sacred Souls,2022,Soul & Funk,R&B & Neo-Soul
253,Third World,96° in the Shade,1977,Reggae,Reggae
169,Thundercat,Drunk,2017,Soul & Funk,R&B & Neo-Soul
170,Tim Maia,Uma Onda / Continenta,1993,Soul & Funk,Soul & Funk
310,Tim Maia,Tim Maia,1970,MPB & Samba,Soul & Funk
311,Tim Maia,Tim Maia,1971,MPB & Samba,Soul & Funk
312,Tim Maia,Tim Maia,1972,Soul & Funk,Soul & Funk
313,Tim Maia,Tim Maia,1973,Soul & Funk,Soul & Funk
315,Tim Maia,Racional (Vol 1),1975,Soul & Funk,Soul & Funk
317,Tim Maia,Racional (Vol 2),1976,Soul & Funk,Soul & Funk
318,Tim Maia,Tim Maia,1976,MPB & Samba,Soul & Funk
319,Tim Maia,Tim Maia,1977,MPB & Samba,Soul & Funk
320,Tim Maia,Disco Club,1978,Soul & Funk,Soul & Funk
321,Tim Maia,Reencontro,1979,Soul & Funk,Soul & Funk
322,Tim Maia,Tim Maia,1980,MPB & Samba,Soul & Funk
323,Tim Maia,Nuvens,1982,MPB & Samba,Soul & Funk
324,Tim Maia,O descobridor dos sete mares,1983,MPB & Samba,Soul & Funk
325,Tim Maia,Sufocante,1984,Soul & Funk,Soul & Funk
326,Tim Maia,Tim Maia,1985,MPB & Samba,Soul & Funk
327,Tim Maia,Somos América,1987,MPB & Samba,Soul & Funk
328,Tim Maia,Carinhos,1988,MPB & Samba,Soul & Funk
171,Tom Jobim,A Arte de Tom Jobim,1976,MPB & Samba,Bossa Nova
246,Toots & The Maytals,Funky Kingston,1973,Reggae,Reggae
430,Toto,Toto,1978,Rock,Soft Rock
431,Toto,Hydra,1979,Rock,Soft Rock
432,Toto,Turn Back,1981,Rock,Soft Rock
433,Toto,Toto IV,1982,Pop,Soft Rock
434,Toto,Dune: Original Soundtrack Recording,1984,Pop,Soft Rock
435,Toto,Isolation,1984,Rock,Soft Rock
436,Toto,Fahrenheit,1986,Pop,Soft Rock
437,Toto,The Seventh One,1988,Pop,Soft Rock
438,Toto,Kingdom of Desire,1992,Pop,Soft Rock
439,Toto,Mindfields,1999,Pop,Soft Rock
440,Toto,Toto XIV,2015,Pop,Soft Rock
441,Toto,Old Is New,2018,Pop,Soft Rock
234,Toto La Momposina,La Candela Viva,1993,Soul & Funk,Salsa
173,Victoria Monet,Jaguar II,2023,Soul & Funk,R&B & Neo-Soul
273,Vinicius de Moraes,Vinicius (História da Música Popular Brasileira) ,1974,MPB & Samba,Bossa Nova
176,Vários Artistas,"Pacific Breeze 2: Japanese City Pop, AOR & Boogie 1972-1986",2020,Pop,Compilations & Soundtracks
177,Vários Artistas,"Pacific Breeze: Japanese City Pop, AOR and Boogie 1976–1986",2019,Pop,Compilations & Soundtracks
186,WITCH,Introduction Zamrock,1973,Rock,Rock
187,Waltel Branco,Meu Balanço,1975,MPB & Samba,Jazz
278,Wando,Tenda dos Prazeres,1990,MPB & Samba,Pop
214,Wayne Shorter,Speak No Evil,1965,Jazz,Jazz
222,Weather Report,Heavy Weather,1977,Jazz,Jazz
244,Ween ,Quebec ,2003,Rock,Alternative & Indie
231,Wganda Kenya,Wganda Kenya,1976,Soul & Funk,Soul & Funk
229,Willie Colón,The Hustler,1968,Soul & Funk,Salsa
188,Wiz Khalifa,O.N.I.F.C.,2012,Hip Hop,Hip Hop
189,Wiz Khalifa,Rolling Papers,2011,Hip Hop,Hip Hop
190,Wolfgang Amadeus Mozart,Grandes Compositores da Música Universal: Mozart (II) Abril Cultural,1970,Classical,Classical
388,Xuxa,Xou da Xuxa 3,1988,MPB & Samba,Pop
260,Yes,90125,1983,Rock,Rock
